{
  "naive_gsm8k": 0.44,
  "block_scores": {
    "0": {
      "gsm8k": 0.3,
      "importance": -0.14
    },
    "1": {
      "gsm8k": 0.4,
      "importance": -0.03999999999999998
    },
    "2": {
      "gsm8k": 0.4,
      "importance": -0.03999999999999998
    },
    "3": {
      "gsm8k": 0.42,
      "importance": -0.020000000000000018
    },
    "4": {
      "gsm8k": 0.36,
      "importance": -0.08000000000000002
    },
    "5": {
      "gsm8k": 0.46,
      "importance": 0.020000000000000018
    },
    "6": {
      "gsm8k": 0.4,
      "importance": -0.03999999999999998
    },
    "7": {
      "gsm8k": 0.44,
      "importance": 0.0
    },
    "8": {
      "gsm8k": 0.48,
      "importance": 0.03999999999999998
    },
    "9": {
      "gsm8k": 0.48,
      "importance": 0.03999999999999998
    },
    "10": {
      "gsm8k": 0.42,
      "importance": -0.020000000000000018
    },
    "11": {
      "gsm8k": 0.52,
      "importance": 0.08000000000000002
    },
    "12": {
      "gsm8k": 0.48,
      "importance": 0.03999999999999998
    },
    "13": {
      "gsm8k": 0.5,
      "importance": 0.06
    },
    "14": {
      "gsm8k": 0.48,
      "importance": 0.03999999999999998
    },
    "15": {
      "gsm8k": 0.44,
      "importance": 0.0
    },
    "16": {
      "gsm8k": 0.5,
      "importance": 0.06
    },
    "17": {
      "gsm8k": 0.46,
      "importance": 0.020000000000000018
    },
    "18": {
      "gsm8k": 0.48,
      "importance": 0.03999999999999998
    },
    "19": {
      "gsm8k": 0.44,
      "importance": 0.0
    },
    "20": {
      "gsm8k": 0.4,
      "importance": -0.03999999999999998
    },
    "21": {
      "gsm8k": 0.38,
      "importance": -0.06
    },
    "22": {
      "gsm8k": 0.44,
      "importance": 0.0
    },
    "23": {
      "gsm8k": 0.4,
      "importance": -0.03999999999999998
    },
    "24": {
      "gsm8k": 0.44,
      "importance": 0.0
    },
    "25": {
      "gsm8k": 0.4,
      "importance": -0.03999999999999998
    },
    "26": {
      "gsm8k": 0.5,
      "importance": 0.06
    },
    "27": {
      "gsm8k": 0.48,
      "importance": 0.03999999999999998
    },
    "28": {
      "gsm8k": 0.44,
      "importance": 0.0
    },
    "29": {
      "gsm8k": 0.32,
      "importance": -0.12
    },
    "30": {
      "gsm8k": 0.28,
      "importance": -0.15999999999999998
    },
    "31": {
      "gsm8k": 0.38,
      "importance": -0.06
    }
  },
  "n_probe": 50,
  "probe_source": "gsm8k_train[0:50]"
}